,name,position
0,두숫놈,경기 하남시 하남대로 795
1,해장요리전문 임사부국밥 미사점,경기 하남시 미사강변한강로220번길 32 1층
2,바이더크릭(by the creek),"경기 하남시 미사강변중앙로 221 304호(망월동, 센트럴파크2)"
3,카멜레온 다이닝(CHAMELEON DINING),경기 하남시 미사강변중앙로 193 2층 Chameleon Dining
4,낙원할머니뼛칼 본점,경기 하남시 검단로 28 202호
5,하남 찰리황,경기 하남시 미사강변대로 48 1층 109호
6,청록 미나리식당 미사강변점,경기 하남시 미사강변한강로 135 다동 2층 231호
7,미분당 미사역점,경기 하남시 미사강변동로 82 서건미사메트로타워 1층 107호
8,뽁당볶음밥 미사점,경기 하남시 미사강변대로 62 108호
9,슬로우캘리 하남미사점,경기 하남시 미사강변중앙로 180 힐스테이트 미사역 그랑파사쥬 1층 1021호
10,담아봄에,경기 하남시 검단산로218번길 3 . 1층
11,스타클럽 5 푸드풋팅(star club 5 food futting),"경기 하남시 미사강변중앙로 220 2층 202,203호"
12,소주물 하남시청점,경기 하남시 하남대로776번길 61-10 1층
13,더피쉬워크샵,경기 하남시 미사강변동로 95
14,한솥도시락 하남감일점,경기 하남시 감일백제로180번길 17 퀸즈에비뉴 1층 125호
15,짬뽕관 하남미사점,경기 하남시 미사강변중앙로 180 BL11동 1층 1012호
16,하나참치&스시,인천 남동구 예술로226번길 34 로뎀프라자
17,주덜트,경기 하남시 미사강변동로 95 힐스테이트 미사역 그랑파사쥬 1035호
18,연족,경기 하남시 미사강변중앙로 226 1층 129호 연족
19,무궁화주택 하남미사점,"경기 하남시 미사강변중앙로170번길 10 1층 108, 109호"
20,미사 참숯불갈비,경기 하남시 미사강변한강로 290-3 상가동 119호
21,불꾸러기,경기 하남시 미사강변서로 45 정문단지상가 307동 114호
22,처갓집양념치킨 북위례점,"경기 하남시 위례대로6길 20-2 301동108호(학암동,위례호반써밋)"
23,마장동고기집 미사점,"경기 하남시 미사강변대로226번안길 17 1층 105, 106, 107, 108호"
24,보배반점 하남미사점,"경기 하남시 미사강변중앙로 11 2층 202, 203, 204호"
25,모토이시 하남 미사점,"경기 하남시 미사강변중앙로 180 힐스테이트 미사역 그랑파사쥬 1층 1028, 1060호"
26,돈미품 프리미엄삼겹(하남점),경기 하남시 미사강변대로54번길 75 2층 202호
27,인생아구찜 미사점,경기 하남시 미사강변중앙로 220 1층 109호
28,큰집닭강정 위례점,경기 하남시 위례대로6길 95 206호
29,마린보이 코다리1번가(망월점),경기 하남시 미사강변북로30번길 19 1층
30,포도 앤 보리,경기 하남시 하남대로784번길 40-2
31,한라맥주 미사신도시점,경기 하남시 미사강변중앙로 164 1층 111호
32,준이네 숯불닭갈비,경기 하남시 미사강변한강로 270-1 201동 1층 1-186호
33,프리티플레저,경기 하남시 미사강변중앙로 190 216호
34,빈타그런스 브루잉 바,경기 하남시 미사강변중앙로 190 롯데캐슬스타 253호
35,돌깨마을맷돌순두부 하남미사점,경기 하남시 미사대로 550 현대지식산업센터 1차 게이트5번건물 2층 64호
36,구가네 닭강정 호프,경기 하남시 미사강변한강로 270-1 호반써밋상가 1층 1-192호
37,베르온,"경기 하남시 미사강변중앙로 157 112, 113호"
38,노모어 피자 하남시청역점,경기 하남시 하남대로 830-1 B1층 B113호
39,손님상,경기 하남시 미사강변동로 73 노블레스 1층 122호
40,아담만두(미사점),경기 하남시 미사강변동로 95 힐스테이트 미사 역 그랑파사쥬 1층 1137호
41,방배동 할매쭈꾸미 하남미사점,경기 하남시 미사강변한강로 295 1층 136호
42,탐나는 피자 하남점,경기 하남시 신장1로33번길 41 1층 일부호
43,윈터포레스트1224(Winter Forest 1224),경기 하남시 검단산로 267 1층
44,하이롤러 미사,경기 남양주시 와부읍 수레로 8-8 2층
45,대동면옥 올림픽공원직영점,경기 하남시 감일남로 30 1층
46,소소밀 베이커리(SoSoMeal Bakery),경기 하남시 신장동로29번안길 19 1층 103호
47,나타 커피 하우스,경기 하남시 하남유니온로 10 근린생활시설 1층 101호
48,라이크어시네마 하남미사점,경기 하남시 미사강변중앙로 226 1층 118호
49,간난이네,경기 하남시 신장1로3번길 18
50,조선부뚜막 하남감일점,경기 하남시 감일백제로180번길 17 122~123호
51,오고가 미사점,경기 하남시 미사강변남로 87 205호
52,미사 메밀관,경기 하남시 미사강변한강로 270-1 호반써밋 상가 201동 1층 136호
53,한솥 미사역9번출구점,경기 하남시 미사강변동로 81 108호
54,죽에 진심,서울 관악구 문성로 233 1층 105호
55,심플레이스 하남점,"경기 하남시 미사강변한강로 295 112, 113, 114, 115호"
56,한양화로 위례점,경기 하남시 위례대로 190 1층 119호
57,케이터링 다연,경기 하남시 초이로 49 2층
58,쉘터나인,경기 하남시 미사대로 550 현대지식산업센터1차 10층 c-0001호
59,한없는커피,경기 하남시 미사강변중앙로 218 1층 105호
60,하타네 하남미사점,경기 하남시 미사강변중앙로 180 1층 1008호 11-1bl
61,오션스펍 하남미사점,경기 하남시 미사강변중앙로 200 E편한세상시티미사 202호
62,비몽사몽,경기 포천시 선마로 6-1
63,옥된장 미사스카이폴리스점,경기 하남시 미사강변한강로 135 나동 1층 0160호(스카이폴리스)
64,역전할머니맥주 하남북위례점,경기 하남시 위례학암로13번길 28 1층
65,레디타임(readytime),경기 하남시 미사강변중앙로198번길 29 104
66,파스타예요 하남미사점,경기 하남시 미사강변남로 131 2층 212호
67,탭플레이커피 스타필드 하남점,경기 하남시 미사대로 750 스타필드 하남 1층 일렉트로마트
68,화포식당 감일점,"경기 하남시 감일백제로180번길 17 1층 111, 112호"
69,한회장댁,경기 하남시 신장1로 12 1층 103호
70,춘리마라탕 미사점,경기 하남시 아리수로 570 1층 1072호
71,모랑 하남지산IS점,경기 하남시 미사대로 510 1층 107호
72,생마차 하남미사점,"경기 하남시 미사강변중앙로 180 힐스테이트 그랑파사쥬 1029호,1061호"
73,크닭,경기 하남시 신평로 39-13 1층
74,귀한족발 하남감일지구점,경기 하남시 감일백제로180번길 16 108~109호
75,솥단지 찹쌀순대국,"경기 하남시 미사대로 520 제1층 제씨씨01-022, 씨씨01-023호"
76,플라워앤쭈,경기 하남시 미사강변동로 100-1 1098~1103호
77,딜리스볼,경기 하남시 미사강변대로226번안길 9 미사드림타워 1층 딜리스볼
78,게런티 홀덤 라운지,경기 하남시 신장로 156 2층 202호
79,힘난다버거 하남감일점,경기 하남시 감일중앙로 80 아클라우드상가 2층 G007호
80,행복소머리곰탕전문,경기 하남시 미사강변중앙로 189 1층 106호
81,시엠프레 그랑파사쥬,경기 하남시 미사강변중앙로 180 힐스테이트미사역그랑파사쥬11BL 2038호
82,츠카미치,경기 하남시 미사강변한강로 270-1 1층 130호
83,자담치킨 하남풍산점,경기 하남시 세미로1길 7
84,시온미반,경기 하남시 감일로 107 1층
85,떠오름 푸드,충북 청주시 서원구 수영로8번길 24
86,고메스퀘어 미사점,"경기 하남시 미사강변동로 95 지하 1층 1069호, 1096호"
87,카페 포지타노,부산 동구 범일로 125 7F
88,상상오리 미사점,경기 하남시 미사강변중앙로 190 1층 179호
89,더피제리아마켓,경기 하남시 미사강변북로30번길 129 1층
90,삼산회관 하남미사강변점,경기 하남시 미사강변북로30번길 134 1층 101호
91,더노벰버라운지 하남감일점,경기 하남시 감일중앙로 80 아클라우드감일 상가2층 2074호
92,(주)더스윙제트 에프앤비,경기 하남시 미사강변중앙로158번길 27 8층 802호 일부
93,오빠(Oh BAR),부산 영도구 태종로 395-1
94,압구정화로구이 하남시청점,경기 하남시 대청로 38-8 1층
95,죽이야기 감일점,경기 하남시 감일중앙로 80 아클라우드 지하1층 B019호
96,봄봄 하남미사점,경기 하남시 미사강변한강로 135 나동 1층 164호
97,레알 청아간장게장,경기 하남시 미사강변중앙로 173 미사리버에비뉴 2층206호
98,아토키토 하남위례점,경기 하남시 위례중앙로 185 근린생활시설동 1층 14호
99,김뚜껑 부대찌개 미사역점,경기 하남시 미사강변중앙로 173 1층 106호
100,운미가,경기 하남시 미사강변대로34번길 100 1층 104호
101,미사정육왕,경기 하남시 미사강변중앙로170번길 12 1층
102,라스트춘선 하남점,"경기 하남시 미사강변중앙로 190 117호, 118호"
103,밥밥디라라 하남미사강변점,경기 하남시 미사강변대로54번길 75 101호
104,또래오래 북위례점,경기 하남시 위례학암로 25 지하1층
105,디디키키 베이커리,경기 하남시 감일백제로 165-1 상가동 지1층 105호
106,참살이 샐러드,경기 하남시 하남대로 747 하남두산위브파크 1층 102호
107,마장동 정 순대국,경기 하남시 미사강변서로 25 제RB113호 (지상 1층 CU편의점 옆)
108,시선 하남미사점,"경기 하남시 미사강변중앙로 180 1층 1026, 1027호"
109,우리할매떡볶이 하남미사점,경기 하남시 미사강변대로226번안길 25 1층 우리할매 떡볶이
110,처갓집양념치킨 감일점,"경기 하남시 감일백제로83번길 24 115호(감이동, G골든프라자)"
111,탕화쿵푸 감일점,경기 하남시 신우실로 67 2층 203호
112,편백가원 하남미사점,"경기 하남시 미사강변중앙로 193 2층 204, 205호"
113,한남동그집 현대지식산업센터2차점,경기 하남시 미사대로 520 DC01-027호
114,브라운돈까스 하남감일점,경기 하남시 감일백제로180번길 17 1동 121호 브라운돈까스
115,딤타오 하남스타필드점,경기 하남시 미사대로 750 1층 G272호
116,산드르 한방약초 샤브,경기 하남시 미사동로40번길 75-7 . 1층
117,한솥도시락 미사2동점,경기 하남시 미사강변대로226번길 14 109호
118,갈속집 하남시청역점,경기 하남시 신평로 66 1층
119,겟레디커피(Get Ready Coffee),경기 하남시 미사강변동로 127 경서타워 1층 110호
120,인생장칼 하남풍산점,경기 하남시 하남대로 947 D동 1층 105호
121,하하족발,경기 하남시 미사강변동로 95 지하 1층 1036호
122,호빈초밥,경기 하남시 미사강변중앙로 189 115호
123,별룸포차,경기 하남시 미사강변중앙로 220 12층 1205호
124,우대포 미사직영점,경기 하남시 미사강변동로 100-1 판매시설동 1030호
125,테이스트앤드테이스트 피자 스탠드 하남 스타필드점,경기 하남시 미사대로 750 3층
126,야마이루식 우동,서울 용산구 서빙고로 17 몰동 1층 1059호
127,무청감자탕 한강미사점,경기 하남시 미사대로 520 현대지식산업센터2차 C동 2층 22호
128,브런치&카페 알로(Brunch&Cafe allo),경기 하남시 미사강변한강로 165 AC01-25호 카페알로
129,철길부산집 하남감일점,경기 하남시 신우실로 73 1층 107호
130,미사맛집 배째 닭한마리 칼국수,경기 하남시 미사강변중앙로 220 107호 미사맛집배째닭한마리칼국수
131,원시족,경기 하남시 위례대로 190 1층 165호
132,하남냉삼0458,"경기 하남시 미사대로 550 C1-093,C1-094호"
133,청년분식 하남미사점,경기 하남시 미사대로 520 1층 DC01-026호
134,콘부 스타필드하남,경기 하남시 미사대로 750 3층 잇토피아
135,바우네 나주곰탕 감일점,경기 하남시 감일백제로180번길 17 225호
136,한신포차 하남감일점,경기 하남시 감일중앙로 80 G001호 (101동 상가1층)
137,응큼떡볶이 미사점,경기 하남시 미사대로 410 미사강변 오벨리스크 1층 170호
138,홍미닭발 하남미사점,경기 하남시 미사강변중앙로204번길 21 1층 104-2호 홍미닭발 하남미사점
139,요네즈,경기 하남시 감일중앙로 80 2005~2007호
140,정오리 돌판구이,경기 하남시 미사강변북로30번안길 20 1층
141,79대포 하남풍산점,경기 하남시 덕풍서로 80 114호
142,춘향골 남원추어탕 미사점,"경기 하남시 덕풍서로 80 112, 113호"
143,오모로이 쇼쿠도,경기 하남시 감일중앙로 80 아클라우드 2층 2008호
144,리리삼,경기 하남시 수리북로34번길 3 1층
145,도마르 스시,경기 하남시 미사강변한강로 270-1 1-198
146,젠가든(Zen Garden),경기 하남시 미사동로 41 3층 젠가든
147,스시 시오미즈,경기 하남시 미사강변동로 95 힐스테이트 미사 역그랑파사쥬 12-1BL 2층 2094호
148,박승광 해물 손칼국수 하남미사점,경기 하남시 미사강변한강로 135 스카이폴리스 다동 143호
149,카페 아리온,경기 하남시 덕산로 80-11
150,김복남맥주 하남미사역점,"경기 하남시 미사강변중앙로 160 1층 104, 106호"
151,투다리 감일역점,경기 하남시 감일백제로180번길 20
152,삼동소바 하남미사점,"경기 하남시 미사동로 68 1층 101, 105호"
153,유우조우,경기 하남시 미사강변한강로158번길 48 1층 유우조우
154,멜팅슬로우,경기 하남시 미사강변북로30번길 37 1층 102호 멜팅슬로우
155,우리동네 참치정육점(미사점),경기 하남시 미사강변중앙로 193 지2 1층 105호 우리동네 참치정육점 하남미사점
156,누커스,경기 하남시 미사강변중앙로 212 203호 누커스
157,모두의 죽 하남점,경기 하남시 조정대로 150 아이테코 블루존 지하1층 모두의주방 2호실
158,화로상회 하남감일점,"경기 하남시 감일순환로 55 2층 203, 204호"
159,노티드 하남 스타필드,경기 하남시 미사대로 750 하남스타필드 1층
160,마시내 하남감일점,"경기 하남시 감일중앙로 80 푸르지오 마크베르 1층 상가 1011호, 1012호"
161,멕시카나치킨 하남풍산점,경기 하남시 미사강변대로34번안길 16
162,하노이 맥주밤거리 하남미사역점,경기 하남시 미사강변중앙로 190 하남미사롯데캐슬스타 1층 123호
163,반미362 하남미사점,경기 하남시 미사강변동로 82 105호
164,소소떡볶이 하남미사점,경기 하남시 미사강변중앙로198번길 35 1층 104호
165,키치 플레이트,경기 하남시 미사강변중앙로 189 에코브리지2 102호 키치플레이트
166,족발예찬 하남미사점,경기 하남시 미사강변한강로158번길 41 1층
167,한마음정육식당 하남미사1호점,"경기 하남시 미사강변대로 62 1층 101호,102호,103호"
168,댕크야드(Dank yard),경기 하남시 미사강변중앙로 173 3층 310-1호
169,권동식당,경기 하남시 미사강변중앙로 161 1층 111호
170,우시야 미사점,경기 하남시 미사강변중앙로 226 1층 131호
171,효자동설렁탕 하남점,경기 하남시 미사강변한강로342번길 20 1층 효자동설렁탕 하남점
172,발라티에,경기 하남시 위례학암로13번길 10 지1층
173,쏘르제 루나(Sorge luna),경기 하남시 미사강변동로 95 지하 1층 B1013호
174,하남 삼육식당,경기 하남시 미사대로 520 현대지식산업센터 한강미사2차 1층 DC01-019호
175,카페 누이(cafe nue),경기 하남시 미사강변대로226번길 48 A+구산프라자 1층 105호
176,붓다텐 하남점,경기 하남시 미사대로 550 현대지식산업센터 1차 1층 c-001호
177,면대면우육면마라탕,경기 하남시 미사강변서로 25 지1층 RB115호
178,금돈왕돈가스 육칼,경기 하남시 세미로1길 5 2층 202호
179,고급양식 하남점,경기 구리시 벌말로80번길 76
180,장수한우곱창 옥천냉면,"경기 하남시 덕풍동로 111-15 1층 108호, 109호"
181,미스터 촌돼지,경기 하남시 미사강변한강로158번안길 38 101호
182,구이가 감일점,경기 하남시 감일중앙로 80 감일 푸르지오 마크베르 1층
183,하루엔소쿠 감일마크베르점,경기 하남시 감일중앙로 80 1층 1081호
184,해운대연탄생갈비 하남감일점,경기 하남시 감일백제로 181 1층 118~119호
185,착한초밥 별난횟집,경기 하남시 서하남로 38
186,조부장대게 감일딜리버리점,경기 하남시 감일백제로83번길 24 1층 112호
187,빵먹는 코끼리,경기 하남시 하남대로784번안길 16 1층
188,츄릅(churrrp),경기 하남시 미사강변남로 91 2층 218호
189,세친구곱창 하남미사점,경기 하남시 미사강변중앙로 223 1층 101호
190,신사냉삼촌 하남미사점,"경기 하남시 미사강변중앙로 210 1층 101, 102호"
191,두끼 하남미사점,경기 하남시 미사강변대로226번안길 25 디럭스프라자1 2층 203
192,일품양평해장국 하남아이테코점,"경기 하남시 조정대로 150 1층 R111호, R112호"
193,투비 버거,경기 하남시 미사강변동로84번길 20 1층 105호
194,보리향칼국수,"경기 하남시 미사강변동로 95 1140호(망월동, 힐스테이트 미사역 그랑파사쥬(12-1BL)"
195,플로우나인 하남미사점,경기 하남시 미사대로 550 현대지식산업센터 1차 c-10층 0001호
196,남영동양문 하남미사점,"경기 하남시 미사강변중앙로 220 1층 103, 104호"
197,짜란다,경기 하남시 위례학암로14번길 35 1층106호
198,디저트 카페(DESSERT CAFE) 널문,경기 하남시 감일백제로44번길 5 1층
199,덕찡찡마켓,경기 하남시 미사강변중앙로 181 더퍼스트테라스 1층(호수공원 view)빨간 태국어 간판
200,1984그수육집칼국수 하남미사,경기 하남시 미사강변북로30번길 145 1층
201,찜하남구이하남,경기 하남시 미사강변대로34번안길 11 2층 205호
202,카페다예,경기 하남시 미사강변한강로334번길 29 1층
203,프랭크버거 하남감일 단샘점,경기 하남시 감일백제로 109 1층 104호
204,일산등심박이,"경기 하남시 미사대로 472 1층 114, 115호"
205,가마솥 순대국 뼈도리탕,경기 하남시 감일중앙로 80
206,위니드밥 풍산점,경기 하남시 하남대로 947 하남테크노밸리 U1센터 B동 지하1층 B145호
207,포하이퐁 미사점,경기 하남시 미사강변서로 16 1층 알101호
208,계림원 미사중앙점,"경기 하남시 미사강변중앙로 223 111호, 112호"
209,동근이 숯불두마리치킨 하남감일점,경기 하남시 감일중앙로 80 마크베르 아클라우드 상가 2004호
210,로드샌드위치 하남미사점,경기 하남시 미사강변대로226번길 80 102호
211,청년어부 미사역점,경기 하남시 미사강변남로 125 마이움푸르지오 102동 115호
212,배씨상회 하남미사점,경기 하남시 미사강변중앙로 200 1층 120-2호
213,강남집 하남점,"경기 하남시 감일백제로 177 1층 115, 116호"
214,생활맥주 하남감일점,경기 하남시 신우실로63번길 15 NF써밋스퀘어 B동 106호
215,미생맥주 하남감일점,경기 하남시 감일백제로 161 116호
216,다올 굴순두부,경기 하남시 신장로154번길 6 1층 다올 굴순두부
217,동해 강릉 초당짬뽕순두부 하남미사점,경기 하남시 미사대로 380 2층
218,부빵(Beau pain),경기 하남시 미사강변한강로334번길 10 1층 101호(망월동)
219,봉평 메밀옥,경기 하남시 대청로 15 110호
220,뉴욕버거 하남(SKV1)점,경기 하남시 미사강변한강로 155 111호
221,오늘은 새우회 하남점,경기 하남시 미사강변중앙로 212 205호
222,라운지 비 LOUNGE B,서울 서초구 효령로 89 서초훼미리하우스 상가 B01호
223,파이 앤 브레드(Pie & Bread),경기 하남시 미사강변한강로 270-1
224,카라핑 카페,경기 하남시 미사대로 472 SR광장프라자 1층
225,야꼬닭 하남점,경기 하남시 미사강변서로 16 지하 1층 RB156호
226,이가돈 매운갈비찜,경기 하남시 신평로55번길 22 1층
227,포시애틀 하남풍산점,경기 하남시 하남대로 947 하남테크노밸리 U1센터 1층 D-114a호
228,육칠이 위례점,경기 하남시 위례대로 190 1층 150호
229,치킨봇,경기 하남시 미사강변대로226번길 9 1층 109호
230,왔따쪽갈비(하남미사점),경기 하남시 미사강변대로34번안길 19 1층 104호 왔따쪽갈비 하남미사점
231,예술피자 하남점,경기 하남시 아리수로 570 1층 1007호
232,펫타리움 미사,경기 하남시 덕풍천서로 85 펫타리움 하남미사
233,파더스 베이글 하남미사점,경기 하남시 미사강변한강로 270-1 호반써밋상가 1층 201동 1-190호
234,마시쏘부대찌개 미사역직영점,경기 하남시 미사강변동로 100-1 1층 1051호
235,짱꼬집(하남미사점),경기 하남시 미사강변중앙로 160 미사리버파크 1층 101호
236,나은치킨,"인천 서구 원적로47번길 6 103동 상가(가좌동, 풍림아파트)"
237,오쥬리 사랑채,"경기 하남시 미사강변중앙로 214 1층 101, 102, 103호"
238,동대문 엽기떡볶이 하남 미사강변점,경기 하남시 미사강변대로 80 그린프라자 1층 106호
239,노모어피자 미사점,경기 하남시 미사강변동로84번길 20 1층 117호
240,미사원조곱창,"경기 하남시 미사강변중앙로 173 1층 113, 114호"
241,포코포코 하남미사점,경기 하남시 미사강변대로34번길 90 메인프라자 1층 107호
242,프랭크버거 하남신장점,경기 하남시 하남대로 815 1층
243,요트(YOTE),경기 하남시 감일로88번길 28 .1층 요트
244,루꽐라,경기 하남시 위례학암로14번길 35 경서 타워 1차 2층 208호
245,풍산화우,"경기 하남시 미사강변중앙로 11 1층 108, 109, 110, 111호"
246,오스테리아 렌조(OSTERIA RENZO),경기 하남시 미사강변북로30번안길 30 1층
247,바른곱창(감일점),경기 하남시 감일로88번길 26 101호
248,우리할매떡볶이 하남덕풍점,경기 하남시 덕풍남로 8 1층 101호
249,모모타코야끼 위례점,경기 하남시 위례대로6길 45-1 상가 1동 105호
250,차이황,경기 하남시 위례대로6길 20-2 301동 1층 112호
251,오닭꼬치 하남미사점,경기 하남시 미사강변대로226번안길 35 청담프라자 116호
252,쉐 울리엘(chez ulliel),경기 하남시 미사강변동로 100-1 1층 1109호
253,더 퍼(The per),경기 하남시 하남대로 687 1층 더퍼
254,우나기 현,경기 하남시 미사강변한강로 155 SKV1센터 근생 102호 우나기현
255,이뼈천,경기 하남시 아리수로 570 1층 1105호
256,깡우동 하남미사점,경기 하남시 아리수로 570 1층 1026호
257,두레통닭 하남감일점,경기 하남시 감일백제로180번길 30-1 근린생활동 지1층 110호
258,소요일 미사직영점,"경기 하남시 미사강변중앙로 200 1층 104호, 105호"
259,망월전,경기 하남시 미사강변한강로136번길 9 1층
260,오늘은 라면125 애니벤,경기 하남시 덕풍동로 111-21 1층 104호
261,카츠키,경기 하남시 미사강변한강로354번길 24 102호
262,피자스톰 미사점,경기 하남시 미사강변남로 125 미사역마이움푸르지오 102동 125호
263,오롯한상,"경기 하남시 미사대로 520 1층 DC01-010, DC01-011,DC01-012호( 덕풍동, 현대지식산업센터 한강미사2차 (25BL))"
264,흑삼족,경기 하남시 미사강변북로30번길 118 1층
265,육칠이 미사점,경기 하남시 미사강변동로 125 A동 1층 S-106호
266,기영이 숯불두마리치킨 하남미사점,경기 하남시 미사강변대로 84 1층 112호
267,스노우플렉스(SNOW FLEX),경기 하남시 덕풍천서로 77-9 스노우플렉스
268,패티바이번 위례점,경기 하남시 위례대로 200 지1층 B214호
269,꿉돈가,경기 하남시 덕풍북로 255
270,날쌘카페 하남미사점,경기 하남시 미사강변중앙로111번안길 11 1층
271,세화갈비 미사점,"경기 하남시 미사강변한강로 270-1 메인광장 1층 1-215, 216호"
272,슈슈브런치 하남감일점,"경기 하남시 신우실로63번길 11 104, 105, 106호"
273,온담순대국 미사스카이폴리스점,경기 하남시 미사강변한강로 135 나동 1층 0155호
274,신세대맥주 미사,경기 하남시 아리수로 570 1층 1024호
275,조인 더 클럽,경기 하남시 아리수로 570 1층 1079호 조인더클럽
276,와하카,경기 하남시 미사강변중앙로111번안길 32 1층 와하카
277,참토스트 하남미사점,경기 하남시 미사강변한강로 135 1층 가 133호
278,고집센 만두전골 두루치기,"경기 하남시 미사강변한강로 135 다동 2층 202, 203호 공원쪽"
279,무국적식탁 하남점,경기 하남시 조정대로 150
280,고기싸롱 미사신도시점,경기 하남시 미사강변중앙로 214 1층 105호~108 호
281,투다리 풍산점,"경기 하남시 덕풍동로 111-10 제에이 109,110호"
282,에헴 양식당,"경기 하남시 미사강변중앙로 217 2층 205호, B205호"
283,밀회관 하남미사역점,"경기 하남시 미사강변한강로 270-1 201동 1층 211,212호"
284,소반짓고,경기 하남시 미사강변동로 95 1층 1074호
285,마라홀릭 마라탕 감일점,경기 하남시 감일백제로180번길 17 2층 212호
286,푸드트럭스쿨,경기 하남시 미사강변동로 85 1층 137호.국민은행 현금인출기옆
287,꽈배기와 동그리,경기 하남시 하남대로783번길 28
288,길동우동 하남감일점,경기 하남시 감일백제로180번길 17 120호
289,서울떡갈비&우이락 신세계스타필드하남점,경기 하남시 미사대로 750 지하1층
290,창희커피,경기 하남시 초이로160번길 25 . 1층
291,마라탕에 빠진날,경기 하남시 신장로 132 2층 마라탕에 빠진날
292,사모님 토스트,경기 하남시 미사강변동로 100-1 1층 1043호
293,퇴촌중앙갈비 하남점,경기 하남시 신장1로 28 1층
294,조개호,경기 하남시 미사강변중앙로 189 에코브리지2 116호
295,자담치킨 미사중앙점,경기 하남시 미사강변북로 32
296,봉맥,경기 하남시 미사강변북로30번길 41
297,바티토,경기 하남시 미사대로 410 상가 218호 바티토
298,소코아 하남감일점,경기 하남시 신우실로 67 2층 201호
299,스트릿1988 하남감일점,경기 하남시 감일백제로180번길 17 퀸즈에비뉴 110호
300,스파게티스토리 스카이폴리스점,경기 하남시 미사강변한강로 135 나동 1층 133호
301,아라치 하남미사점,경기 하남시 미사강변중앙로 181 1층
302,호미스피자 미사점,경기 하남시 미사강변동로 95 1044호
303,로우프레스(lowpress),경기 하남시 미사강변한강로 270-1 201동 1층 1-158호
304,고래맥주창고(하남미사점),경기 하남시 미사강변동로 121 더랜드시티 106호 고래맥주창고 하남미사점
305,육회바른연어 하남신장점,경기 하남시 신평로 68
306,별난아재맥주 하남미사점,경기 하남시 미사강변한강로158번길 52 1층 101호
307,플로피(floffee),경기 하남시 미사대로 540 현대지식산업센터 한강미사2차 B동 113호
308,라홍방마라탕 감일점,경기 하남시 감일백제로 89 성준프라자 1층 5~6호
309,타타스 하남미사점,경기 하남시 미사강변대로 206 1층 105호
310,릴리 시나몬,경기 하남시 미사강변중앙로 200 B동 1층 126호
311,화포식당 미사강변점,"경기 하남시 미사강변한강로 165 A동 216호,217호"
312,뱃살도둑 감일점,경기 하남시 감일백제로 161 감일월드퍼스티 2층 202호
313,카페 루가노,경기 하남시 감일로102번길 1 1층 카페 루가노
314,삼형제김밥 미사점,경기 하남시 미사강변대로 212 1층 118호
315,도미노피자 하남감일점,경기 하남시 감일로88번길 20 1층
316,코우게츠,경기 하남시 미사강변동로 95 1층 1040호
317,우리동네밥집 미사본점,경기 하남시 미사강변동로 72 102호 우리동네밥집 김밥&집밥 미사본점
318,백제가,경북 상주시 아리랑고개2길 19
319,효하우스 골목길포차,경기 하남시 수리북로 10-9 1층
320,홍그린 로얄 스페셜,경기 하남시 아리수로 570 1층 1093호
321,사계진미 하남점,서울 송파구 거마로3길 4 2층
322,몽땅만두 미사역점,경기 하남시 미사강변동로 70 더 오페라1
323,육이구낙곱새 하남미사점,경기 하남시 미사강변한강로220번길 51 1층 102호
324,메이창,"경기 하남시 미사강변대로226번길 64 201호, 202호"
325,돈까스짱 미사점,경기 하남시 미사강변대로226번안길 25 1층 114호 돈까스짱 미사점
326,비비큐 위례스타필드점,경기 하남시 위례대로 220 상가동125호
327,신사꽃등심 미사직영점,"경기 하남시 미사강변동로 100-1 1층 1106, 1107호"
328,팔당돼지수제갈비,"경기 하남시 미사대로 510 1층 104호, 105호, 106호"
329,밥두공,경기 하남시 미사강변대로 80 그린프라자
330,아빠찜 미사역점,경기 하남시 미사강변중앙로 200 114호 아빠찜 미사역점
331,취향마라마라탕 하남미사점,경기 하남시 미사강변대로226번길 30 망월동 스마트프라자 1층
332,청년부찌냉삼,경기 하남시 미사강변중앙로 11 122~123호
333,고돼지 하남점,경기 하남시 미사강변동로 125 푸르지오시티 상가 A동 229호
334,청년감자탕순대국 하남미사점,경기 하남시 미사강변중앙로 11 두산 더프론트 미사 1층 118호
335,냐항바바바 미사역점,경기 하남시 미사강변동로 100-1 미사파라곤스퀘어 1111호
336,클린7080라이브,경기 하남시 미사대로 460 디스트릿 4층
337,치킨갱스터 미사점,경기 하남시 미사강변한강로 135 다동 2층 222호
338,봉자 막창 하남미사점,"경기 하남시 미사강변남로 99 더 오페라2 109, 110호"
339,12인치 사운드바,경기 하남시 미사강변중앙로 219 2층 206호
340,설하네 디저트,경기 하남시 학암동 6-5
341,저돌 쪽 갈비찜,"경기 하남시 덕풍동로 111-10 . 1층 A-105, A-106호"
342,탑탑 다이너(TopTop Diner),경기 하남시 미사강변동로 100-1 파라곤스퀘어 1105호 건물 뒷편 테라스라인(내부연결X
343,마라입구 미사점,경기 하남시 미사강변대로34번길 90 1층115호
344,김준호의 대단한갈비 하남미사로데오점,경기 하남시 미사강변한강로 279 117호
345,맘스터치 하남미사점,경기 하남시 미사강변대로 208
346,키토분식 미사역점,경기 하남시 미사강변동로 127 경서타워 106호
347,파슷타애요 하남점,서울 강동구 양재대로115길 56 1층
348,올라잇(holaeat),경기 하남시 신우실로 73 뉴욕타워 1층 108호
349,잭슨피자 하남미사점,경기 하남시 미사강변남로 33 황금프라자 102호
350,하남돼지집 미사숲공원점,경기 하남시 미사강변대로54번길 15 1층
351,국밥쟁이(풍산점),경기 하남시 조정대로 45 지하1층 알비110호
352,삼촌네 조개찜,"경기 하남시 미사강변남로 87 미사스타파크오피스텔 상가 1층104,105호"
353,솔라멘,경기 하남시 미사강변한강로 136 큰가람루 1층
354,리스닝커피로스터스,경기 하남시 하남대로933번길 16 온화한가 1층
355,미사대패,경기 하남시 미사강변중앙로 185 209~211호
356,파스타어때 하남미사본점,경기 하남시 미사강변동로 125
357,만선호프 하남미사점,"경기 하남시 미사강변중앙로 181 (망월동) 122,123호"
358,완판도 미사점,경기 하남시 미사강변동로 95 힐스테이트미사역 그랑파사쥬 12-1BL 1층 1053호
359,신사동인동 하남점,경기 하남시 미사강변한강로 279 106호
360,화복칼국수,경기 하남시 하남대로 747 상가 1층 135호 화복칼국수
361,찐한삼촌,경기 하남시 검단산로218번길 11
362,카페키노(KAFE KINO),경기 하남시 미사강변한강로 135 스카이폴리스 나동 163호
363,스테이미사 브런치&레스토랑,경기 하남시 미사강변동로 95 12블럭 2층 2010호
364,마마쿡 미사점,경기 하남시 미사강변대로226번안길 35 청담프라자 1층
365,일동실비 하남덕풍점,경기 하남시 신장로 164 1층
366,스와(soir),경기 하남시 미사강변한강로136번길 25 수란가옥 1층
367,꾸브라꼬 숯불두마리치킨 위례점,경기 하남시 위례대로 190 135호
368,원조 양평해장국 미사점,"경기 하남시 미사강변중앙로 174 해링턴타워 레이크파크 2층 202호, 203호"
369,동동밤,경기 하남시 미사강변중앙로 180 힐스테이트 미사역 그랑파사쥬 1층 1004호
370,미분당 하남미사점,경기 하남시 미사강변대로226번안길 35 청담프라자 1층 109호
371,노랑통닭 하남감일점,경기 하남시 감일백제로 155 112호
372,미려돈,경기 하남시 미사강변중앙로 220 1층 101호
373,꾸브라꼬 숯불두마리치킨 감일점,경기 하남시 감일로 126 1층
374,프랭크버거 하남점,경기 하남시 미사강변대로34번길 72 골든프라자 1층 106호
375,홍윤곰탕,경기 하남시 조정대로 45 미사센텀비즈R142
376,샤오바오 미사점,"경기 하남시 미사강변동로 81 미사역 큐브앤타워 109호, 110호"
377,춘옥이네,경기 하남시 미사강변중앙로 161 2층 209호
378,빙츄르 미사호수공원점,경기 하남시 미사강변중앙로 181 더퍼스트테라스 312호
379,생활맥주 하남미사점,경기 하남시 미사강변중앙로 181 퍼스트테라스 120호 생활맥주 하남미사점
380,파티인테이블,경기 하남시 미사대로 520 DC동 2층 233호
381,에바돈가츠 감일점,경기 하남시 신우실로 61 120호
382,목삼고집,경기 하남시 미사강변중앙로 181 더퍼스트테라스 1층 109호
383,가마솥순대국밥 미사중앙점,"경기 하남시 미사강변중앙로 173 . 107,108호(망월동, 미사 리버에비뉴)"
384,와이디푸드 하남점,서울 강동구 천중로35가길 57
385,365 한쌈,경기 하남시 미사강변중앙로198번길 29 1층 117호
386,철뚝집 하남미사점,경기 하남시 미사강변서로 16 하우스디스마트밸리 지하1층 170호
387,인생아구찜 하남점,경기 하남시 수리북로34번길 14 1층
388,스시코호시 미사,"경기 하남시 미사강변동로 100-1 2층 2008호(망월동, 미사 역 파라곤 스퀘어)"
389,헤라스 빈야드,경기 하남시 미사강변동로 125 미사푸르지오시티A동 121호
390,가고파 커피호프,경기 하남시 신평로 78
391,백채김치찌개 미사역점,경기 하남시 미사강변한강로 270-1 1층 200호
392,후라토식당 하남미사점,경기 하남시 미사강변한강로 135 스카이폴리스 다동 2층 213호
393,아담스 꼬마김밥 위례점,경기 하남시 위례대로 220 위례지웰푸르지오 상가동 103호
394,미태리 하남감일점,경기 하남시 감일백제로180번길 20 반도유스퀘어 2층 203호
395,라홍방마라탕 미사역점,경기 하남시 미사강변동로 73 노블레스상가 111호
396,로스트피그 미사,경기 하남시 미사강변북로30번길 105 1층
397,그린콕(Green Cok),경기 하남시 감일백제로180번길 20 1층 102호
398,타붕,경기 하남시 세미로1길 5 B02호
399,매일의 식탁,경기 하남시 미사강변한강로 270-1 호반써밋 상가 1층 206호
400,청년다방 감일점,경기 하남시 감일백제로 161 월드퍼스티 110호
401,봉명동내커피 하남미사점,경기 하남시 미사강변한강로346번길 7 1층
402,빅빅버거 하남미사점,경기 하남시 미사강변중앙로198번길 35 1층 101호
403,띤띤 드 타마린드 하남스타필드점,경기 하남시 미사대로 750 1층 스타벅스옆
404,오한수 우육면가 하남미사점,경기 하남시 미사대로 520 1층 D동 C-115호
405,자연미당 추어탕,"경기 하남시 미사강변한강로 155 강변에스케이브이1센터 제1층 제근생141호, 142호, 143호"
406,감탄밥상,경기 하남시 미사강변한강로220번길 43
407,생활맥주 위례점,경기 하남시 위례대로 220 지웰푸르지오 상가 101A호
408,우리 할매 떡볶이 하남감일점,경기 하남시 감일백제로83번길 24 1층 111호
409,버거 스테이지 하남미사점,경기 하남시 미사강변한강로 135 가 119호
410,77년생 곱도리 전골식당 미사직영점,경기 하남시 미사강변동로84번길 29 미사역헤리움애비뉴어 1층 미사 맛집 77년생 곱도리
411,일일양 미사직영점,경기 하남시 미사강변중앙로 200 1층 127호
412,온달집 미사역점,"경기 하남시 미사강변동로 95 힐스테이트 미사역 그랑파사쥬 1층 1020호, 1021호"
413,솔솥 미사강변점,경기 하남시 미사강변중앙로 185 골든타임 115호
414,카츠몬,경기 하남시 미사대로 520 현대지식산업센터2차 C동104호
415,맘스터치 피자앤치킨 하남시청역점,경기 하남시 하남대로 792
416,철길부산집 하남미사점,경기 하남시 미사강변중앙로 190 1층
417,토리아에즈 미사역점,경기 하남시 미사강변동로 95 힐스테이트미사역그랑파사쥬 1층 1024호
418,페이브 베이커리 미사역점,경기 하남시 미사강변동로 95 1층 1150호
419,미사냉삼집,경기 하남시 미사강변중앙로 221 1층 114호
420,여우애김밥 하남U1센터점,경기 하남시 하남대로 947 B동 115호
421,아담스꼬마김밥 미사점,경기 하남시 미사강변중앙로 174 해링턴타워레이크파크 1층 103호
422,신계닭갈비 미사점,경기 하남시 미사강변중앙로 193 1층 106호
423,브리즈번 버거앤비어 하남미사역점,경기 하남시 미사강변중앙로 181 1층 104호
424,육회바른연어 미사점,경기 하남시 미사강변중앙로 180 힐스테이트 미사역 그랑파사쥬 1층 1009호(망월동)
425,게장맨,경남 함안군 가야읍 함마대로 1382 1층
426,소코아 하남미사점,경기 하남시 미사강변북로30번길 79 1층
427,미사전,경기 하남시 미사강변한강로136번길 9 1층
428,동래정 하남미사점,경기 하남시 미사강변중앙로 185 1층
429,60계치킨 경기하남감일지구점,경기 하남시 신우실로 73 105호
430,온락도시락,"경기 하남시 하남대로 947 하남테크노밸리U1센터 A동166호, 167호 온락본점"
431,신대포 불갈비 하남점,경기 하남시 신장로 156
432,전설낙곱새 위례송파점,경기 하남시 위례대로 190 152-1호
433,현야,경기 하남시 미사강변중앙로 190 142호
434,대한 냉면 미사점,경기 하남시 미사강변중앙로111번안길 13 1층
435,진대감 하남미사점,"경기 하남시 미사강변중앙로 185 2층 207호, 208호"
436,비.마이 가든(B. my Garden),경기 양평군 옥천면 남한강변길 209 1층 비마이가든 양평본점
437,회장님댁 하남신장점,경기 하남시 신평로 59 2층
438,벤탄빌라 미사점,"경기 하남시 미사강변남로 87 스타파크 117호, 118호"
439,맘스터치 미사강변대로점,경기 하남시 미사강변대로 80 그린프라자 2층 201호
440,팔각도 하남미사역점,"경기 하남시 미사강변중앙로204번길 21 1층 105호, 106-1호"
441,(주)바운스 슈퍼파크 하남센터,경기 하남시 미사강변한강로 135 스카이폴리스 나동 지하1층 B151 바운스
442,조선육회 하남점,경기 하남시 하남대로784번안길 17 조선육회 하남점
443,저돌 쪽 갈비찜,"경기 하남시 덕풍동로 111-10 . 1층 A-105, A-106호"
444,째깍섬 키즈클래스 하남,"경기 하남시 미사강변한강로 135 미사스카이폴리스 나동 2층 251, 252호"
445,이가원(한식뷔페),경기 하남시 미사강변중앙로7번안길 25
446,빽다방 미사센트럴자이점,경기 하남시 미사강변대로 84 1층 106호
447,비비큐 풍산중앙점,경기 하남시 세미로1길 5 힐즈파크프라자 1층 104호
448,제주은희네해장국 하남미사점,"경기 하남시 미사강변중앙로 185 골든타임 101호, 102호"
449,고기미담 경기하남점,서울 강동구 천호대로193길 40 B01호
450,김가네 미사스카이폴리스점,경기 하남시 미사강변한강로 135 스카이폴리스 124호
451,타이반쩜 하남미사점,경기 하남시 미사강변중앙로 190 1층 145호
452,모모타코야끼 하남점,경기 하남시 미사강변한강로 135 스카이폴리스 지하1층 B170호
453,고피자 하남미사점,경기 하남시 아리수로 570 1층 1073호
454,탐라포차 미사강변점,"경기 하남시 미사강변중앙로 185 2층 213호, 214호"
455,다루마 고로케,경기 하남시 미사강변동로84번길 39 110호 (에코타워)
456,소플러스서하남점,경기 하남시 감초로 64
457,가마치통닭 덕풍시장점,경기 하남시 하남대로861번길 43 (덕풍동)
458,후우스,경기 하남시 미사대로 520 현대지식산업센터 한강미사2차 D동 2층 254호
459,벤앤제리스 하남미사  DV점,경기 하남시 미사강변대로 76 베스트프라자 203호
460,한채당 베이커리,경기 하남시 미사동로 52-18 한채당 베이커리카페
461,굽네치킨 감일지구점,경기 하남시 감일백제로 89 성준프라자 101호
462,초가네장어구이 하남점,경기 하남시 하남대로801번길 65 105호
463,세광양대창 하남미사점,경기 하남시 미사강변중앙로 185 골든타임 106-107호
464,드로게리아,경기 하남시 미사동로 102-17 드로게리아
465,그린호미(Green Homee),"경기 하남시 미사강변서로 16 지하1층 RB155호(풍산동, 하우스디스마트밸리)"
466,안나스낵 미사역점,경기 하남시 미사강변중앙로 174 헤링턴타워레이크파크 110호
467,야키토리 미사(Yakitori misa),경기 하남시 미사강변동로 95 그랑파사쥬 1층 YAKITORI 미사 짱오락실 앞
468,푸드박스 송파점,경기 하남시 감일로105번안길 19 1층 푸드박스 송파점
469,훈초밥 미사본점,경기 하남시 미사강변중앙로 200 (e편한세상 시티 미시) 130호
470,가나점보돈까쓰,경기 남양주시 오남읍 양지로278번길 42 가동 102호
471,달빛과일 하남점,경기 하남시 덕풍공원로 47 1층
472,마라이쉔,경기 하남시 하남대로783번길 28 일부호
473,브런치빈 미사점,"경기 하남시 미사강변중앙로 173 미사리버에비뉴 2층 210호, 211호"
474,에이트리 카페,경기 하남시 역말로 37 1층
475,Permanent Chillin' 퍼머넌트 칠린,경기 하남시 미사강변중앙로 181 더 퍼스트 테라스 3층 315호
476,삼덕통닭 미사점,경기 하남시 미사강변중앙로 185 골든타임 1층 108호
477,천호용궁알탕 하남미사점,경기 하남시 미사강변중앙로 190 281호
478,식껍 하남감일점,경기 하남시 감일백제로180번길 20 105호
479,피자미남 하남미사점,경기 하남시 미사강변동로 85 힐스테이트에코미사 1층
480,백스비어 하남 미사점,경기 하남시 미사강변중앙로 218 1층 백스비어
481,스푸키(Spookie),경기 하남시 미사강변서로 16 RB 173
482,종로김밥 미사역점,경기 하남시 미사강변동로 95 2층 2053호
483,착한파스타 하남미사점,경기 하남시 미사강변대로226번길 26 1층
484,그린스미스&에그존 하남미사점,경기 하남시 미사강변동로 100-1 동양파라곤스퀘어 지하1층 B142호
485,파스쿠찌 하남감일DI점,경기 하남시 동남로 451
486,피자나라치킨공주 위례신도시점,경기 하남시 위례광장로 265 상가1동 107호
487,장가짜장 24시,경기 하남시 신장로 156
488,고기극찬 하남미사점,경기 하남시 미사대로 550 현대지식산업센터1차 3번게이트 25호
489,아리수 정육식당,경기 하남시 미사대로 380 하나로마트 하남농협 2층
490,이속우화 구우몽,경기 하남시 미사대로 750 L1층
491,안주가 하남미사점,경기 하남시 미사강변중앙로170번길 10 1층
492,풍미숯불꼼장어,경기 하남시 조정대로 45 미사센텀비즈 RB103호
493,미뜸,경기 하남시 미사강변중앙로 189 에코브리지2 3층 311호 미뜸
494,누들코드,경기 하남시 미사강변동로 85 2층 217호
495,카페시나몬가든,서울 강동구 고덕로 266 1층 108호
496,면면히,경기 하남시 미사강변대로34번길 90 메인프라자 114호
497,깐부 불쭈꾸미 동태탕,경기 하남시 대청로 15
498,유브유부 위례점,경기 하남시 위례대로 190 1층 168호
499,신전떡볶이 감일점,경기 하남시 감일순환로 35-1 상가동 104호 신전떡볶이 감일점
500,나무루,"경기 하남시 미사강변남로 99 106호, 107호"
501,에이치 베이커,경기 하남시 신장1로15번길 55 1층
502,라멘온도,경기 하남시 미사강변동로84번길 29 1층 라멘온도
503,카츠소당 하남점,경기 하남시 미사대로 520 현대지식산업센터2차 C동 2층 223호
504,별에서 온 토끼,경기 하남시 미사강변중앙로 220 우성미사타워 111호
505,한결보쌈 하남점,경기 하남시 미사강변대로34번안길 19 에이스플라자 105호
506,포케올데이 하남미사점,경기 하남시 미사강변북로30번길 13 1층
507,이비티(ebt) 스타필드 하남점,경기 하남시 미사대로 750 스타필드 하남 1층 G269호
508,피자알볼로 감일거여점,경기 하남시 감일로102번길 6 1층
509,BBQ 하남미사중앙점,경기 하남시 미사강변한강로342번길 19 1층
510,삼백돈 돈가츠 하남미사점,경기 하남시 미사강변동로 85 힐스테이트 에코미사 1층
511,레이크 비스트로,경기 하남시 미사강변중앙로 217 미사호수의아침1층 레이크비스트로
512,토담옛날통닭 하남학암동점,경기 하남시 위례학암로14번길 35 경서타워 1 1층 102호
513,제이에이치 브루잉(JH Brewing),경기 하남시 미사강변서로 25 R125호
514,마라촉 마라탕&마라샹궈,경기 하남시 미사강변대로226번안길 15 상아프라자 1층 102호 (망월동)
515,빽정,경기 하남시 미사강변중앙로 190 1층 127호
516,고기랑 조개당,경기 하남시 월호로 62 1동 1층 1호
517,미사국물닭발1982,"경기 하남시 미사강변한강로 10-1 상가동 110호, 108호"
518,피자하우스 미사스마트밸리점,경기 하남시 미사강변서로 16 1층 R148호
519,싸다김밥 미사역점,경기 하남시 미사강변동로 73 1층 115호 싸다김밥 미사역점
520,궁사부,경기 남양주시 늘을1로16번안길 19 1층 궁사부
521,명품키친 하남점,경기 하남시 미사강변북로30번길 161 1층
522,바다동태탕솥밥전문점 하남풍산직영점,"경기 하남시 조정대로 45 B1층 RB115호, RB116호"
523,스노우피크 랜드스테이션 하남,경기 하남시 미사동로 90 스노우피크 랜드스테이션 하남
524,교촌치킨 하남감일점,"경기 하남시 감일백제로 97 107호, 108호"
525,애주꿀전,경기 하남시 미사강변중앙로 193 3층
526,소담지짐이 위례점,경기 하남시 위례대로 220 위례지웰푸르지오 상가동 1층 104A호
527,일품 양평해장국 하남미사점,경기 하남시 미사강변동로 95
528,소당깨,경기 하남시 미사강변중앙로 185 골든타임 미사호수공원방면 1층 소당깨
529,베스트생갈비찜&찜닭(하남점),경기 하남시 미사강변대로34번안길 19
530,등촌샤브칼국수 하남미사점,경기 하남시 미사강변남로 91 르보아파크2 2층 212호
531,테이블린 미사현대1차점,경기 하남시 미사대로 550 현대지식산업센터 한강미사1차 2층 39호
532,치이익,경기 하남시 미사강변중앙로 219 107호
533,미사텐,경기 하남시 미사강변동로84번길 29 2층 202호 [ 건물명 : 헤리움 애비뉴어 ]
534,킹콩 부대찌개 하남현대한강미사점,경기 하남시 미사대로 540 하남현대산업지식센터2차 AB동 123호
535,배부장찌개 미사역점,경기 하남시 미사강변중앙로204번길 45 1층 110호111호
536,센텀바(CENTUM BAR),경기 하남시 조정대로 45 2층 r210호
537,최가다방,경기 하남시 서하남로 447 2층
538,동경규동 미사스퀘어점,경기 하남시 미사대로 520 C동 1층 C-132호
539,탐나종합어시장 미사역점,"경기 하남시 미사강변남로 91 르보아파크 2, 1층"
540,홍송우렁쌈밥,경기 하남시 미사강변중앙로 218 성산타워 2층
541,감성낙곱새 하남미사점,경기 하남시 미사강변동로84번길 20 퀸즈파크미사1차 오피스텔 2층 204호
542,스카이블랑,경기 하남시 미사강변중앙로170번길 12 미사신성타워 10층 1002호
543,디리포소,경기 하남시 감일로102번길 40 상가 1층 102호
544,호수꼬치 하남신장점,경기 하남시 신평로 53 1층
545,리틀 블루문(LITTLE BLUE MOON),경기 하남시 미사강변한강로158번안길 12 1층 리틀블루문
546,마라의 민족 미사점,경기 하남시 미사강변한강로158번안길 37 102호
547,BBQ 하남미사역점,경기 하남시 미사강변중앙로198번길 29 미사푸르지오시티 B동 1층 B-106호
548,달빛오징어광어미사점,경기 하남시 미사강변중앙로 189 에코브리지2 1층 120호
549,피플 파스타(PEOPlE),서울 강남구 도산대로81길 13
550,만차이,경기 하남시 미사강변한강로158번길 5 101 호
551,꿀꿀진순대 미사점,경기 하남시 미사강변서로 22 에코큐브 지식 산업센터 1층 108호
552,푸라닭 하남신장점,경기 하남시 신장동로 35 푸라닭치킨 하남 신장점
553,육감적,경기 하남시 미사강변한강로158번길 67 미사빌딩 1층
554,하남찌개마을 국내산냉삼,"경기 하남시 감일순환로 55 101호, 102호"
555,피자컴퍼니 감일 마천점,경기 하남시 감일백제로 20 상가1층 104호
556,미라밸리 가왕 Retro TV,경기 하남시 신평로 14 지하1층
557,광수육회 하남미사점,경기 하남시 미사강변동로 125 미사푸르지오시티A동 S101호
558,포메인 RED 하남미사점,경기 하남시 미사강변동로 85 1층
559,비와별닭갈비 스타필드 위례점,경기 하남시 위례대로 200
560,보길도황칠면역삼계탕,경기 하남시 미사강변남로 125 마이움푸르지오시티 101동 2층 209호
561,퀸즈 당구장,경기 하남시 신장로136번길 7 2층
562,오더밀,경기 하남시 미사강변동로 73 6층 623호
563,감일돈,경기 하남시 감일백제로83번길 24 201호 2층 감일돈
564,흥도식당 하남점,"경기 하남시 미사대로 520 현대지식산업센터 2차 C동 2층 230,231호"
565,팔당 북촌골 미사점,경기 하남시 미사대로 550
566,추닭집 미사2호점,경기 하남시 미사강변중앙로111번길 4 102호
567,마왕족발 하남감일점,경기 하남시 감일순환로 55 1층 106호
568,배가 푸지미,경기 하남시 신평로55번길 41
569,경성나루,서울 송파구 백제고분로39길 11 104호
570,매머드익스프레스 미사현대2차점,경기 하남시 미사대로 540 A-C 123호
571,황산 참치 테스타타워점,경기 하남시 미사강변서로 25 1층 황산참치(RB 107호)
572,김가네 미사현대1차점,"경기 하남시 미사대로 550 1층 c-1-048,049호"
573,아부찌부대찌개 하남감일점,경기 하남시 감일순환로 95-1 상가 103호
574,설맥 미사점,"경기 하남시 미사강변중앙로 208 105호,106호"
575,푸라닭 하남감일점,경기 하남시 신우실로 65
576,길동우동 미사점,경기 하남시 미사강변중앙로204번길 22
577,동명카츠 하남덕풍점,경기 하남시 덕풍북로 251
578,감동노가리,경기 하남시 미사강변한강로 270-1
579,효정패밀리아카페,경기 하남시 미사강변대로226번안길 35 2층 효정패밀리아카페
580,사나이 순대국,경기 하남시 신우실로 61 . 102호
581,할머니가래떡볶이 미사호수공원점,경기 하남시 미사강변중앙로 219 레이크힐 104호
582,Bhc(비에이치씨) 미사호반점,경기 하남시 미사강변한강로 270
583,한끼홈쿡 미사본점,경기 하남시 미사강변대로 84 1층 한끼홈쿡 미사본점
584,동백연화 미사점,경기 하남시 미사강변중앙로158번길 27 107.108
585,몸신 흑염소전문점,경기 하남시 검단산로 333
586,진1926 하남미사,경기 하남시 미사대로 520 현대지식산업센터 한강미사 2차 D동 2층 242호
587,청담동마녀김밥 미사점,경기 하남시 미사강변동로 85 힐스테이트 에코 미사 1층 112호
588,프랭크버거 하남강변로점,경기 하남시 미사강변대로226번길 9 106호
589,황금코다리 하남 검단산점,경기 하남시 검단산로 275 2층 황금코다리 하남검단산점
590,뱃살도둑 미사점,경기 하남시 아리수로 570 효성헤링턴타워더퍼스트 1층 1081호
591,유로코피자 위례신도시점,경기 하남시 위례대로 190 (위례 효성해링턴 타워) 156호
592,구석집 하남미사점,경기 하남시 미사강변남로 91 (망월동)
593,블리스버거 하남감일점,경기 하남시 감이동 248-9
594,허니문한방삼계탕,경기 하남시 감이남로 50
595,카페 보케리아,경기 하남시 미사대로 556
596,니하오마라탕 신장점,경기 하남시 신장로 139
597,곱분이곱창 감일점,"경기 하남시 신우실로 61 ,101호"
598,바다커피&호프,경기 하남시 신평로 68
599,동경규동 하남점,경기 하남시 조정대로 150 아이테코 블루존 B1층 101호
600,폴트버거 스타필드 하남점,경기 하남시 미사대로 750 3층
601,해품장 팔팔장어 하남미사점,경기 하남시 미사대로 510 아이에스비즈타워 2층
602,지호한방삼계탕 미사점,경기 하남시 미사대로 410 (미사강변오벨리스크) 3층 318호
603,BBQ 하남망월점,경기 하남시 미사강변남로 125 미사역마이움푸르지오 102동 1층 123호
604,호식이두마리치킨 하남미사역점,"경기 하남시 미사강변한강로 295 118호, 119호"
605,두꺼비토종 순대국,경기 하남시 하남대로801번길 65 101호 두꺼비토종순대국
606,맘스터치 하남감일점,경기 하남시 감이동 81-3
607,갯벌의 조개 미사역점,"경기 하남시 미사강변중앙로204번길 22 104, 105호"
608,우먼스키친,경기 하남시 신장1로3번길 64-1
609,Check Plate(체크 플레이트),경기 하남시 미사강변한강로 290-3 모노라운지상가 A동 101호 Check Plate
610,정보인 부산돼지국밥(하남미사점),경기 하남시 미사강변대로34번길 120
611,리미니 스타필드 위례점,경기 하남시 위례대로 200 스타필드시티 위례점 4층
612,차이니즈 인 미사,경기 하남시 미사강변남로 125 101동 113호
613,하오마라 미사역점,경기 하남시 미사강변동로 85 힐스테이트 에코미사 1층
614,웍 앤 누들,경기 하남시 하남대로 947 테크노밸리U1센터 B동 122호
615,로쏘폴라레,경기 하남시 미사강변중앙로 193 3층 310호
616,써니의 식탁,경기 하남시 미사강변한강로 279 3층316호
617,프랭크버거 하남미사점,경기 하남시 미사강변동로84번길 29 미사역 헤리운 애비뉴어 1층 120호
618,BBQ하남신장점,경기 하남시 신장1로33번길 45 101호 bbq
619,자담치킨 위례스타필드점,경기 하남시 위례대로 190 상가동 162호
620,신선미 미사리우동(하남감일점),경기 하남시 신우실로 61
621,구구족 하남점,경기 하남시 미사강변대로 64
622,사미반점 미사2호점,경기 하남시 미사강변한강로 155 SK V1 센터 1층 사미반점 미사2호점
623,손  쿡희,경기 하남시 미사강변중앙로 173 115호 손쿡희
624,카페 종종,경기 수원시 권선구 권광로 87 2층 우측
625,배다리 문가네,경기 하남시 서하남로47번길 214-39 . 1층
626,심야반점 하남미사점,경기 하남시 미사강변대로54번길 59
627,로바타 미자,경기 하남시 미사강변중앙로 193 2층
628,까페 아르볼 하남미사점,경기 하남시 미사강변한강로224번안길 25 1층
629,에그드랍 미사점,경기 하남시 미사강변중앙로 223 센트럴파크1 102호
630,바캉스인미사,경기 하남시 미사강변한강로346번길 23 1층 바캉스인미사
631,BBQ치킨 감일점,경기 하남시 감일백제로 109
632,뜸들이다 하남미사점,경기 하남시 미사강변대로226번안길 15 1층 109호
633,계미락,경기 안성시 원곡면 원당로 144-1
634,배떡 하남미사점,경기 하남시 미사강변한강로 270-1 201동 1층 1-185호
635,오븐마루치킨 하남미사점,경기 하남시 미사강변동로 180-1 미사강변도시14단지 상가 1동 1층
636,찌엔용,경기 하남시 미사강변동로 79 2층 204호
637,하남소곱창전골 불향기,경기 하남시 신장로136번길 22
638,쭈니네랭삼,경기 하남시 하남대로776번길 55 1층
639,원조 부안집 하남풍산역점,경기 하남시 덕풍로 71 107호
640,용광루,경기 하남시 미사강변중앙로204번길 22
641,키슬,경기 하남시 미사강변중앙로 161 113호 (건물 뒷편 수변공원라인)
642,더 노벰버 라운지(하남풍산점),경기 하남시 미사강변한강로 420
643,진 미사포구,경기 하남시 미사강변북로30번길 40
644,최구야 김치찌개,경기 하남시 하남대로 947
645,족슐랭 하남미사역점,경기 하남시 미사강변중앙로 190 1층 족슐랭
646,수 스테이크(Soo Steak),"경기 하남시 미사강변중앙로 181 더퍼스트테라스 2층 215호, 216호"
647,초광한식부페,경기 하남시 초광산단서로16번길 5
648,배추야놀자,경기 하남시 위례대로 190 1층 126호
649,예원닭강정 하남점,경기 하남시 하남대로801번길 25 102호 예원닭강정
650,BDC카페,경기 하남시 미사강변동로84번길 20 112호 BDC카페
651,바른치킨 미사강변점,경기 하남시 미사강변대로34번길 66 플레이스이안
652,도미노피자 하남미사점,경기 하남시 미사강변서로 30
653,도미노피자 하남신장점,경기 하남시 하남대로 786-1
654,파스타입니다 하남점,경기 하남시 미사강변대로 52 1층 111호 파스타입니다 하남점
655,혼밥대왕 하남점,경기 하남시 미사강변중앙로7번안길 25 유테크밸리 B동 105호
656,테임드커피(Tamed coffee),경기 하남시 미사강변북로30번길 170 1층
657,이비가짬뽕 올림픽공원점,경기 하남시 감일남로 30 2층
658,뽕이야(본점),경기 하남시 미사강변북로30번길 28 101호
659,교촌치킨 풍산지구점,경기 하남시 덕풍북로251번길 24 1층
660,불백 경성원,경기 하남시 미사강변중앙로 173 미사리버에비뉴 110호
661,청정플러스수산,경기 하남시 미사강변한강로 290-3 . 상가2동 132호
662,미미사500원양꼬치,경기 하남시 미사강변동로 127 경서타워 208호
663,꼼떼 갈비살,"경기 하남시 감일로 17 1층, 2층"
664,페리카나 미사1점,경기 하남시 미사강변중앙로 223 113호
665,미소야 미사역점,경기 하남시 미사강변남로 125 101동 110호
666,소자밥상,경기 하남시 하남대로777번길 74 1층
667,광장 풍천장어,경기 하남시 검단산로 246 광장수제꼬치꼬치
668,하남불끈장어,경기 하남시 미사강변남로 125 101동 2층 212호
669,누나홀닭 하남풍산점,경기 하남시 덕풍동로 111-33
670,한상차림 코다리명가 하남점,경기 하남시 하남대로 947 A동 138호
671,뽕짜네,경기 하남시 역말로24번길 9
672,하남 정덮밥 미사점,경기 하남시 미사강변대로34번안길 11 스타프라자 2층 206호
673,미사에꼬치다,경기 하남시 미사강변중앙로 174 106호
674,맘스터치 하남풍산점,경기 하남시 덕풍동로 111 1층 111호 풍산캐슬빌딩
675,위례제주도니,경기 하남시 위례대로 220 상가동 101A호 지웰푸르지오
676,푸라닭 하남덕풍점,경기 하남시 덕풍북로 40
677,직화에빠지다 하남미사점,경기 하남시 미사강변한강로354번길 17 102호
678,송정상목장,경기 하남시 미사강변한강로 346 송정상목장
679,초선마라 하남미사점,경기 하남시 미사강변한강로220번길 40 102호
680,비스트로 홍,경기 하남시 미사강변중앙로170번길 10 제1층제106호
681,한끼정 하남점,경기 하남시 미사강변한강로334번길 30 1층
682,롤링파스타 미사강변중앙점,"경기 하남시 미사강변동로 85 힐스테이트에코미사 2층 213, 214호"
683,맛찬들왕소금구이 하남미사점,경기 하남시 미사강변중앙로170번길 10 신성프라자 1층 114~116호
684,스쿨푸드 미사딜리버리점,경기 하남시 미사강변중앙로111번안길 27 1층
685,오늘밤 노가리,경기 하남시 미사강변중앙로 226 우성르보아파크 상가 123호
686,제줏간 미사역점,"경기 하남시 미사강변중앙로 164 미타워 102호, 103호, 104호"
687,육미애,경기 하남시 미사강변동로 127 경서타워 206호
688,서울포차 하남미사점,경기 하남시 미사강변중앙로204번길 11 마들렌오피스텔 205호
689,닭삼 바베큐치킨,경기 하남시 미사강변한강로224번길 8 1층 102호
690,바른치킨 하남시청역점,경기 하남시 하남대로 851 1층 바른치킨 (경기도 하남시 덕풍동 309-63) (경기도 하남시 덕풍동 309-63)
691,푸라닭 하남미사역점,경기 하남시 아리수로 570 효성해링턴타워더퍼스트 1019호
692,탑 해물칼국수(하남점),경기 하남시 서하남로 438 2층
693,멀티푸드 하남점,서울 강동구 고덕로 133
694,호식이두마리치킨 미사1호점,경기 하남시 미사강변서로 16 1층 알103호
695,신참떡볶이 하남덕풍점,경기 하남시 덕풍동로 111-10 A동 122호
696,우마왕과 저팔계,"경기 하남시 미사강변중앙로 193 에코브리지1 117,118호 호수공원 무지개 다리 앞"
697,채선당자연한가득 하남미사점,경기 하남시 미사대로 456 라파르코 3층
698,주싸롱,경기 하남시 하남대로801번길 74 1층 101호
699,정가네 돈오리,경기 하남시 검단산로 209
700,부어치킨하남미사점,경기 하남시 미사강변한강로334번안길 13 1층
701,본죽&비빔밥cafe 미사역점,경기 하남시 미사강변남로 103 113호
702,경양카츠 하남미사점,경기 하남시 미사강변북로30번안길 27 1층
703,보석어묵CAFE,경기 하남시 미사강변남로 131 퀸즈파크 2차 214호
704,YELLOW75 CAFE(옐로우75 카페),경기 하남시 초광산단로 75
705,돈소풍,"경기 하남시 천현로 120 , 1층"
706,완벽한생갈비,경기 하남시 미사강변한강로334번안길 21 1층
707,함무바 돼지 국밥,경기 하남시 미사강변동로84번길 29 헤리움 애비뉴어 1층 122호
708,홍미김밥,경기 하남시 미사강변한강로334번길 18 1층
709,순정한우정육식당 미사점,"경기 하남시 미사강변중앙로 164 1층 108호, 109호, 110호"
710,다래육회,경기 하남시 미사강변중앙로 218 108호
711,청년다방 미사역점,"경기 하남시 미사강변중앙로 173 101,102호"
712,모뜰,경기 하남시 미사강변동로84번길 39 2층 204호 에코타워
713,이태원 삼겹 미사점,"경기 하남시 미사강변대로 208 우승프라자 1층 108, 109, 110, 111호"
714,스윗바니(Sweet Bunny),경기 하남시 신평로73번길 21 1층 101호
715,Wine Maria(와인마리아),경기 하남시 미사강변중앙로 157 리버테라스 2층 203-1호
716,몽계옥,경기 하남시 미사강변한강로334번길 28
717,박쉐프 슈가네돈카츠,경기 하남시 미사강변서로 25 미사테스타타워지식산업센터
718,덕만이네 뼈해장국,경기 하남시 미사강변중앙로 174
719,두찜 하남덕풍점,경기 하남시 역말로 47-1 1층
720,청담이상 하남미사역점,경기 하남시 미사강변중앙로 164 미타워 4층
721,카페마마스 하남스타필드점,경기 하남시 미사대로 750 2층 카페마마스
722,명품빨강오뎅,경기 하남시 미사강변중앙로 174 효성해링턴타워레이크파크 1층 119호
723,재킨보아즈,경기 하남시 미사강변한강로158번길 9 지하 1층 재킨보아즈
724,최부자네,인천 연수구 경원대로467번길 18 덕수빌리지
725,뱁스카페,경기 하남시 하남대로 947 하남테크노밸리U1 C동 105호
726,코다리와 능이버섯 미사,경기 하남시 미사강변동로 121 더랜드시티 211호
727,교촌치킨 미사역점,경기 하남시 미사강변중앙로 181 더퍼스트테라스 1층 교촌치킨 미사역점
728,미사리제면소,경기 하남시 아리수로 570 102동 2층 2062호
729,육쌈냉면 미사점,경기 하남시 미사강변중앙로204번길 45 성산타워풀러스 2층 205호
730,달리감자탕,경기 하남시 미사강변한강로 290-3 상가 A동 207호
731,테트리스찜닭 미사하남점,경기 하남시 덕풍북로 249 1층
732,형노가(하남5호점),경기 하남시 미사강변중앙로 190 1층 136호~140호
733,사심i,경기 하남시 미사강변북로30번안길 27
734,신선미 미사리우동(미사리본점),경기 하남시 미사강변대로54번길 125 1층 101~12호
735,편백상회 하남점,경기 하남시 미사강변중앙로204번길 45 성산타워플러스 2층 206호
736,윤쉐프's 키친&펍,경기 하남시 미사강변중앙로 212 미사강변 안강프라이빗뷰 2층 204호
737,써니핸드에프앤비둥둥치킨,경기 하남시 대청로116번길 59-3 10호
738,금수네밥집,경기 하남시 신장로136번길 24
739,명륜진사갈비 하남스타필드점,경기 하남시 신장동로 130 1층
740,도야족발보쌈 미사하남점,경기 하남시 미사강변동로 127 경서타워 101호 도야족발보쌈
741,서가네기절닭발,경기 하남시 미사강변한강로 270-1 미사강변호반써밋201동 1-102호 1층상가
742,고봉민김밥인 하남미사역점,경기 하남시 미사강변동로 72 에스비비즈타워 101호
743,인생객잔,경기 하남시 미사강변중앙로 189 에코브릿지2 수변 121호
744,라미향마라탕,경기 하남시 미사강변중앙로 181 201호
745,용갈집,경기 하남시 하남대로802번길 68 아트빌딩 1층
746,낙현식당,경기 하남시 하남대로 1043-28
747,호정의 식탁,"서울 송파구 올림픽로35길 124 장미종합상가 A상가 B1, 5~6호"
748,천년소나무,경기 하남시 서하남로19번길 62 천년소나무
749,카페더릿(Cafe The Lit),경기 하남시 미사동로40번길 75-19 1층
750,차고집칡냉면 미사점,경기 하남시 미사강변동로 125 104호
751,역전우동0410 미사강변중앙점,경기 하남시 미사강변중앙로 219 레이크힐 103호
752,디오 베네디또,경기 하남시 초광로 175 1층
753,감탄밥상 미사점,경기 하남시 미사강변한강로220번길 43
754,보드람치킨 미사강변점,"경기 하남시 아리수로 570 , 효성해링턴 타워 더 퍼스트 1층 1025"
755,훈마루,경기 하남시 미사강변대로34번길 82 201~204호
756,수 장터국밥,대구 수성구 무열로 23
757,해궁마당,경기 하남시 하남대로 1043-28 C1동 203호
758,하남추어매운탕,경기 하남시 미사강변한강로 290-3 C3단지 모노라운지상가 B동 135호
759,치킨마루 하남신장점,경기 하남시 하남대로784번길 10 1층
760,처갓집양념치킨 미사강변점,경기 하남시 미사강변한강로158번길 138 1층 101호(망월동)
761,봉봉키즈 하남미사,경기 하남시 미사강변대로226번길 9 송하빌딩 4층
762,지코바 미사1호점,경기 하남시 미사강변중앙로 157 리버테라스 103호
763,247숯불꼬치,경기 하남시 하남대로 747 하남두산위브파크 104호
764,두찜 하남미사점,경기 하남시 미사강변중앙로 221 205호
765,갑산면옥,경기 하남시 월호로 62 2층
766,형제 특수부위 미사점,"경기 하남시 미사강변중앙로204번길 45 102,103호"
767,홍대쌀국수(미사강변점),경기 하남시 미사강변대로226번길 26 미사원프라자 1층 102호
768,벨로파크(Velo Park),"경기 하남시 검단산로 349-9 1, 2층"
769,일타포차,경기 하남시 미사강변한강로158번길 39 제이제이빌딩 1층 101호
770,나진국밥 하남미사점,경기 하남시 미사강변중앙로 174 102호 나진국밥
771,델리퀸 하남미사점,경기 하남시 미사강변대로226번길 48
772,훠궈야 스타필드 하남점,경기 하남시 미사대로 750 스타필드 하남 GL층 G250호
773,사미반점 신장점,경기 하남시 신평로61번길 9 2층
774,바비레드 하남,경기 하남시 미사대로 750 스타필드 하남 신세계백화점 지하 1층
775,소담촌 하남미사점,경기 하남시 미사강변중앙로 218 성산타워엠씨티 3층
776,푼타하우스,경기 하남시 서하남로451번길 13-66 2층
777,명륜진사갈비 하남미사점,경기 하남시 미사강변중앙로 221 2층
778,처갓집양념치킨 창우점,경기 하남시 대청로 119-1
779,이진항,경기 하남시 미사강변중앙로 220 우성미사타워 2층 204-1호
780,역전할머니맥주미사신도시점,경기 하남시 미사강변중앙로170번길 10 신성프라자 1층
781,일삼백 하남미사점,"경기 하남시 미사강변남로 87 1층 101, 102호"
782,파주닭국수 하남미사점,경기 하남시 미사강변중앙로 226 우성르보아파크 1층 130호
783,선비다이닝 하남미사점,"경기 하남시 미사강변중앙로204번길 11 206호, 207호"
784,처갓집양념치킨 미사역점,경기 하남시 미사강변중앙로 173 1층 122호
785,옥희네국밥,경기 하남시 수리북로 7
786,달수네 꾸지뽕닭한마리,경기 하남시 수리북로 5-5 1층
787,골뱅이 신사 in 미사,경기 하남시 미사강변중앙로170번길 10 1층 105호
788,안녕숯불&올리브도시락 하남미사점,경기 하남시 미사강변대로 76 베스트프라자 206호
789,강촌식당 하남미사점,경기 하남시 조정대로 45 미사센텀비즈 지하1층
790,최고집 평양만두,경기 하남시 미사강변중앙로111번길 62
791,치킨연맹 하남점,경기 하남시 대청로 15 1층 112호
792,원할머니보쌈 미사 강변배달점,경기 하남시 미사강변중앙로 193
793,비늄(VINUM) 776,경기 하남시 하남대로776번길 9 1층
794,라무진 미사점,경기 하남시 미사강변중앙로 226 우성르보아파크 2층
795,교동전선생 하남미사점,경기 하남시 미사강변중앙로 220 우성미사타워 1층 114호
796,부엉이 돈가스 위례스타필드점,경기 하남시 위례대로 200
797,한옥집김치찜 스타필드 위례점,경기 하남시 위례대로 200 지하 1층 PK키친
798,구름식탁 스타필드시티 위례점,경기 하남시 위례대로 200 4층
799,성목초밥,경기 하남시 대청로116번길 59 상가동 지하1층 10호 . 11호
800,Elefant(엘레판트),경기 하남시 미사강변중앙로111번길 22 1층
801,화덕고깃간 미사강변점,경기 하남시 미사강변서로 30 104호
802,김가네 미사중앙점,경기 하남시 미사강변중앙로 226
803,계경순대국 미사역점,경기 하남시 미사강변동로 125 1층 108호
804,하나샤브샤브 미사리점,경기 하남시 미사강변중앙로 226 우성르보아파크 2층
805,강우 정육식당,경기 하남시 미사강변중앙로170번길 10 신성프라자 1층 103호 강우정육식당
806,회누리,경기 하남시 미사강변중앙로170번길 10 3층 306호
807,지코바 위례1호점,경기 하남시 위례대로 190
808,보께 리우,경기 하남시 미사동로 102-19
809,흑향정,경기 하남시 미사강변북로 65-1 더샵리버포레 상가 1층 112호
810,짚신매운갈비찜 미사강변점,경기 하남시 미사강변중앙로 226 짚신 매운갈비찜
811,동궁찜닭 하남미사점,경기 하남시 미사강변대로34번안길 11 미사스타프라자 1층 101호
812,와카이 참치,경기 하남시 더우개로 37 2층 와카이참치
813,큰맘할매순대국 하남신장점,경기 하남시 신장동로29번안길 23
814,꽈베기와 동그리,경기 하남시 하남대로783번길 28
815,맥쓰(MEXX) 세계치킨 하남미사 한강점,경기 하남시 미사강변한강로158번길 55 1층 101호
816,호오탕 훠꿔,경기 하남시 미사강변중앙로204번길 45 성산플러스타워 304호
817,이바돔감자탕 하남미사점,경기 하남시 미사강변중앙로 226 2층
818,강창구 진순대 미사센텀비즈점,경기 하남시 조정대로 45 R131~R133 미사센텀비즈
819,얌샘김밥 하남미사중앙점,경기 하남시 미사강변중앙로 221
820,나벨라,경기 하남시 하남대로 1043-17
821,삼순네 바지락 칼국수,경기 하남시 미사강변동로 95 B1031호(미사역 그랑파사쥬)
822,미생맥주(미사강변점),"경기 하남시 미사강변중앙로 173 1층 123, 124호"
823,누나홀닭 하남미사점,경기 하남시 미사강변북로30번길 29
824,갓텐익스프레스스타필드 하남점,경기 하남시 미사대로 750 스타필드 하남점 3F
825,맘스터치 미사역점,경기 하남시 미사강변중앙로204번길 45 성산타워 플러스 104.105호
826,오꾸꼬 위례점,경기 하남시 위례대로 190 효성해링턴타워 161호
827,K'1975,경기 하남시 신장1로9번길 57-3
828,이퀄센세이션,경기 하남시 미사강변중앙로111번길 7 101호
829,대동집미사점,경기 하남시 미사강변북로30번안길 7 1층
830,족발야시장 미사점,경기 하남시 미사강변대로226번길 34 애플빌딩 105호
831,두끼 하남신장점,경기 하남시 신장로 139 2층
832,말쿤20 한우전문점,경기 하남시 위례대로 220 위례지웰푸르지오상가 2층 205호
833,도령 남원추어탕,경기 하남시 월호로 38-1 도령남원추어탕
834,하남돼지집 미사역점,경기 하남시 미사강변중앙로 200 이편한세상시티 107호
835,젤리스트로우,부산 기장군 장안읍 명례산단3로 13-25 끄레몽에프엔비
836,옛날참숯왕소금구이 (2호점),경기 하남시 미사강변중앙로 217
837,본도시락하남미사점,경기 하남시 미사강변중앙로111번길 58 1층
838,돈바돈가스,경기 하남시 하남대로784번안길 17
839,소담촌 하남신장점,경기 하남시 신장동로 35 유니온프라자 4층 소담촌 하남신장점
840,호치면,경기 하남시 하남대로783번길 43
841,한국피자헛 하남미사점,경기 하남시 미사강변한강로 230
842,검단 동태찜,경기 하남시 검단산로 35-13
843,우동 쯔요시,경기 하남시 미사강변중앙로111번길 55
844,카페 송그레,경기 하남시 하남대로 804 심산빌딩1층 카페송그레
845,앨빈 쿠치나,"경기 하남시 미사강변대로 84 2층 207, 208호"
846,남다른 감자탕 하남미사점,경기 하남시 미사대로 616-1 1층 남다른감자탕 하남미사점
847,하남돼지집 미사 신도시점,경기 하남시 미사강변북로30번안길 26 1층
848,피자쿠치나 하남스타필드점,경기 하남시 신장동로140번길 34 2층
849,라치폴라(La cipolla),경기 하남시 미사강변동로 95 그랑파사쥬 12블럭(12BL) 2층 2047호
850,해솔네트웍스,서울 강남구 역삼로 230
851,바다향왕코다리 서하남IC점,경기 하남시 서하남로 85-5
852,생활맥주 하남 창우점,경기 하남시 대청로116번길 37
853,쭈꾸미와 친구들,경기 하남시 미사강변중앙로111번안길 18
854,멕시카나 하남미사점,경기 하남시 미사강변한강로158번길 84
855,죽이야기 미사한홀초교점,경기 하남시 미사강변대로 95-2 미사강변센트럴자이 상가동 109호
856,드까르멜릿,경기 하남시 동남로524번길 24 드까르멜릿
857,기와집양대창센타,경기 하남시 감일남로 16 1층
858,이동욱스시,경기 하남시 하남대로 747 두산위브상가 1층 163호
859,삐삐커피호프,경기 하남시 하남대로787번길 73
860,뚝방불끈낙지,경기 하남시 신장로76번길 72
861,한채당 정원까페,경기 하남시 미사동로 38-1
862,자전거곱창,경기 하남시 더우개로 39
863,하남돼지집 하남스타필드점,경기 하남시 신장동로140번길 34 1층
864,메밀생각 봉평막국수,경기 하남시 하남대로 182
865,교촌치킨 미사1호점,경기 하남시 미사강변북로30번길 127 망월동 1004-1
866,본뜰고기정,경기 하남시 대성로319번길 5
867,젠틀로스터스,경기 하남시 덕풍북로259번길 44 1층 후면
868,오리샘농원,경기 하남시 하남대로 747 136호
869,행복이 가득한 포차,경기 하남시 신장1로9번길 48-9
870,리꼬(RICCO) 화덕피자 하남미사 본점,경기 하남시 미사강변북로30번길 65 1층
871,온더보더 스타필드하남점,경기 하남시 미사대로 750 스타필드 하남 1층
872,돈계돈,경기 하남시 신장1로3번길 34
873,쥬씨 팔팔 핫도그,서울 영등포구 경인로 775 지하1층 B119호
874,광평도새기촌 미사강변점,경기 하남시 미사강변한강로136번길 17
875,달려라 쌀국수,경기 하남시 하남대로861번길 43
876,굽네치킨 미사1호점,경기 하남시 미사강변북로30번길 106
877,에이치베이커,경기 하남시 신장1로15번길 55 1층
878,떡밀밀 하남미사점,경기 하남시 미사강변서로 127-1 상가동 1층
879,콩나라팥나라,경기 하남시 미사강변대로226번길 9
880,청년다방 미사강변점,경기 하남시 미사강변북로30번길 20
881,차오차오(하남점),경기 하남시 신장동로 37 덕풍프라자 2층
882,은혜네 민물매운탕,경기 하남시 신장로 89
883,전부처 한잔,경기 하남시 하남대로784번안길 11
884,도도브로스,경기 하남시 검단산로 269 1층 도도브로스
885,돌삼닭 하남점,경기 하남시 미사강변한강로158번안길 32 1층
886,파파존스 미사점,"경기 하남시 미사강변대로 212 207(망월동, 미사센트럴프라자)"
887,뚱이네 순대국,부산 사하구 옥천로 12-2
888,정대감 민물장어,경기 하남시 하남대로801번길 39 정대감민물장어
889,카츠젠 미사점,경기 하남시 미사강변대로226번길 26 미사원프라자 1층 카츠젠미사점
890,초마 하남점,경기 하남시 미사대로 750 스타필드 하남 3층
891,페이페이 스타필드 하남점,경기 하남시 미사대로 750 지하1층
892,스템커피 하남스타필드점,경기 하남시 미사대로 750 4층
893,광평 스타필드 하남점,경기 하남시 미사대로 750 스타필드 하남 3층 잇토피아
894,필동함박 하남,경기 하남시 미사대로 750 3층
895,미사장어명가,경기 하남시 신평로168번길 12-14
896,강릉엄지네꼬막집 미사역점,경기 하남시 미사강변중앙로 173 2층
897,피아커 커피(미사호수공원점),경기 하남시 미사강변중앙로 165 강변 신성프라자2 피아커 커피 102호
898,조카와 이모가 만드는 조이감자탕,경기 하남시 미사강변북로30번길 135
899,샘골민물매운탕,경기 하남시 미사동로40번길 20-19
900,하회탈 국수마당,경기 하남시 미사강변한강로220번길 9
901,응급실국물떡볶이하남신장점,경기 하남시 하남대로801번길 52 1층
902,또래오래 미사1점,경기 하남시 미사강변서로 45 미사강변동원로얄듀크 상가307동 116호
903,무사이온(Mousaion),경기 하남시 하산곡로 185 3층
904,희노애락포차,경기 하남시 수리북로 29
905,착한쌈밥,경기 하남시 검단산로 293-4 1층
906,나미꼬스시,경기 하남시 덕풍동로 111-10 트윈렉스I
907,장꼬,경기 하남시 신장1로15번길 30
908,군산오징어 하남미사점,경기 하남시 미사강변한강로 142
909,어부네 코다리 미사리점,경기 하남시 월호로 62 1층
910,오도독구이 고추장 삼겹살,경기 하남시 신평로61번길 13 1층 오도독구이고추장삼겹살
911,두경희 만두 전골,경기 하남시 검단산로218번길 15-5 두경희만두전골
912,이가진미,경기 하남시 하남대로801번길 74
913,오봉집 하남덕풍점,경기 하남시 신장로 133-1 1층
914,플로렌스파티하우스 하남점,경기 하남시 하남대로 747 홈플러스 지하2층 플로렌스 하남점
915,장터 전 일번지,경기 하남시 수리북로 11
916,솔청2,경기 하남시 동남로424번길 121
917,산골뜰안집,경기 하남시 하남대로292번길 83
918,요기조림,경기 하남시 수리북로 10-3 1층
919,오빠티쉐,경기 하남시 신평로 37
920,꼬꼬천국,경기 하남시 초이로 158
921,해궁마당,경기 하남시 하남대로 1043-28 C1동 203호
922,싸이숯불닭갈비,경기 하남시 초광로 267
923,복뎅이 황금족발,경기 하남시 신장로 58 1층
924,홍익돈까스 하남점,경기 하남시 검단로 32
925,황제점심뷔페,경기 하남시 초이로160번길 12-10
926,낙원커피호프,경기 하남시 역말로 72
927,더불닭(덕풍시장점),경기 하남시 수리북로 20 1층
928,갈비도락 미사본점,경기 하남시 미사대로 584
929,르 파르크 커피(LE PARC COFFEE),경기 하남시 대청로 26 하남리빙텔
930,장리단 한우국밥,경기 하남시 신장1로15번길 48 1층
931,옐로우스케일,경기 하남시 검단산로 292
932,왕노가리천국,경기 하남시 신장로136번길 7
933,먹보한우 하남점,경기 하남시 월호로 48-6
934,광암유황오리,경기 하남시 초광로 102 광암유황오리
935,처갓집양념치킨 풍산점,경기 하남시 신평로 168 1층 (신장동)
936,정은이네 칼국수,경기 하남시 대청로 62-1
937,하남돼지집 풍산직영점,경기 하남시 미사강변중앙로 43 1층
938,할머니가래떡볶이 하남시청역점,경기 하남시 신평로 80 1층
939,화돌농장(하남점),경기 하남시 신장로 22 2층
940,타코 프렌즈,경기 하남시 덕풍북로 265 1층
941,바른죽 하남신장점,경기 하남시 신장로 93 1층 바른죽
942,하남미소 명품한우,"경기 수원시 권선구 권선로 700 2층, 3층"
943,어무이맛 양평해장국 하남점,경기 하남시 월호로 32 1층 102호
944,백채김치찌개 하남신장점,"경기 하남시 신장로 104 1층 117, 118호(성원상떼빌)"
945,양파네 분식,경기 하남시 천현로39번길 7 1층 양파네분식
946,막걸리총각 전처녀,경기 하남시 신장로136번길 7
947,케이준치킨 덕풍점,경기 하남시 하남대로861번길 5
948,궁가네 김밥  수제비,경기 하남시 역말로 54
949,이은영 김밥,"경기 하남시 대청로116번길 59-1 주상가동 지하층 6호, 7호"
950,꿀삐 닭강정 하남덕풍점,경기 하남시 신장로 157
951,오늘도 웃자(초이점),경기 하남시 초광로 102
952,스시오지상,경기 하남시 신평로55번길 22
953,다락방곱창,경기 하남시 신평로55번길 22
954,흠커피,경기 하남시 서하남로418번길 30 HCR 흠커피
955,감탄(하남풍산점),경기 하남시 덕풍동로 111-10
956,바니포차,경기 하남시 역말로 29
957,하남 도래창 구이,경기 하남시 수리북로 21
958,공가네 한우국밥 전문점,경기 하남시 미사대로 572 1층
959,낭만찾기,경기 하남시 신평로61번길 11
960,OSTERIA 308(오스테리아308),경기 하남시 미사대로 520 D동 2층 222호(박치과 앞 화장실 골목 끝)
961,주양돈까스 나라,경기 하남시 미사강변한강로334번길 20
962,요기소 먹으면 돼지,경기 하남시 신장1로 14-1
963,어도회포차,경기 하남시 신장로 197
964,한솥도시락(하남아이테코점),경기 하남시 조정대로 150
965,이도수두마리치킨,경기 하남시 하남대로 791
966,놀부 보쌈족발 & 놀부 부대찌개 하남점,경기 하남시 조정대로 150 아이테코 블루존 지하 131호
967,나주개미집,경기 하남시 학암로 52
968,지호한방삼계탕 하남 직영점,경기 하남시 하남대로 995
969,박주부 돼지집,경기 하남시 하남대로784번안길 5
970,도네누 하남점,경기 하남시 신장로 103-1
971,방구리 순대국,경기 하남시 감일로 15
972,벌봉돈까스,경기 하남시 하남대로 169 벌봉돈까스
973,자담치킨 하남신장점,경기 하남시 대청로59번길 24
974,하남골 흑염소요리 전문점,경기 하남시 샘재로 20
975,권현숙의 미사리 팔당냉면 란주도삭면,경기 하남시 서하남로 364
976,이진항,경기 하남시 미사강변중앙로 220 우성미사타워 2층 204-1호
977,고골칼국수,경기 하남시 고골로 286
978,덕풍한돈한우정육식당,경기 하남시 수리북로 32 1층
979,나섬푸드고매출장연회,경기 하남시 감북동 217-4
980,사계명가 한돈한우(No 9),경기 하남시 미사강변중앙로 226 1층 111호
981,옴서감서 가정식백반식당,경기 하남시 덕풍동로 60-1 참아름
982,현림케이터링,경기 하남시 초이로 77-18
983,카츠안'스,경기 하남시 신장1로33번길 12 1층
984,몽촌토성 보리밥 손 칼국수,경기 하남시 월호로 48-7
985,후다다닭,경기 하남시 대청로 46
986,문쉐프의 고기국수,경기 하남시 신장1로9번길 48-10
987,청보리 낙지마당,경기 하남시 검단산로 209 1층
988,주식회사 고덕푸드,경기 평택시 고덕중앙로 290 에이스퍼스트고덕 721호
989,교산가마솥밥 한상,경기 하남시 서하남로418번길 37-35
990,하늘을 나는 칼국수,경기 하남시 하남대로776번길 57
991,플로스 파트2(FLOS.PART2),경기 하남시 월호로 54 1층
992,도끼통닭 하남점,경기 하남시 덕풍공원로 42-5 1층 도끼통닭
993,팔미원,경기 하남시 신장1로15번길 74
994,벌떼어시장,경기 하남시 신장로 160
995,노랑통닭 하남덕풍점,경기 하남시 신평로55번길 22
996,e참치명가,경기 하남시 신장로 104 성원상떼빌
997,참맛깔곱창순대국,경기 하남시 대청로21번길 29 정현빌딩
998,소박사네 숯불구이,경기 하남시 하남대로 785
999,이성산칼국수,경기 하남시 초일로174번길 21
1000,농부숯불갈비,경기 하남시 신장로154번길 43-7 1층
1001,맛있는 꼬소네 치킨,경기 하남시 하남대로777번길 28
1002,강영감네닭내장,경기 하남시 하남대로 1039
1003,제주 YOUNG돈,경기 하남시 대청로21번길 29 정현빌딩
1004,석바다 영양탕,경기 하남시 하남대로777번길 64
1005,김밥나라(하남3호점),경기 하남시 신장로 156 하남프라자
1006,동원 소랑돼지랑오리랑,경기 하남시 수리북로 21
1007,지선이네 삼겹살,경기 하남시 역말로 38 1층
1008,방가네 연탄불 고기,경기 하남시 대성로 234
1009,현정이네 해물예식장,경기 하남시 신장1로 17
1010,종가댁밥상,경기 하남시 신장로184번길 15
1011,산행마차,경기 하남시 검단산로 325
1012,일파르코,경기 하남시 안터로 29-17
1013,더우개 생 포갈비,경기 하남시 하남대로776번길 59 1층
1014,천일뼈해장국,경기 하남시 신장1로 30
1015,시골남원추어탕,경기 하남시 서하남로 85-7
1016,무창포 조개나라,경기 하남시 신평로61번길 19
1017,미담바지락칼국수  보쌈,경기 하남시 하남대로778번길 34
1018,성무양꼬치,경기 하남시 신장1로3번길 17 1층
1019,대갓집 숯불갈비,경기 하남시 신평로 35-4
1020,하남장터곱창,경기 하남시 하남대로787번길 10 1층 하남장터곱창
1021,하남쪽쟁이,경기 하남시 수리북로 5 1층
1022,싸닭(덕풍시장본점),경기 하남시 하남대로 847
1023,스톤밸리 바베큐,경기 하남시 검단산로186번길 46-3
1024,옥산가 순대국,경기 하남시 신장1로9번길 47
1025,달포네막창,경기 하남시 신장로154번길 25
1026,청송갈비한마당,경기 하남시 신평로 65
1027,앙마곱창,경기 하남시 신평로61번길 20 1층
1028,돈굽는마을,경기 하남시 역말로 21
1029,샘이깊은청학동,경기 하남시 신장로 157
1030,금수레 황금옻닭,경기 하남시 서하남로 280
1031,민혜네묵은지삼겹살,경기 하남시 신평로 65
1032,왕바리냉바리,경기 하남시 하남대로801번길 48
1033,백초묵은삼겹살,경기 하남시 신장1로27번길 56
1034,고골참숯장어,"경기 하남시 서하남로390번길 80 1층, 2층"
1035,서부한우숯불구이,경북 경주시 봉황로 79
1036,덕풍골칡냉면,경기 하남시 수리남로5번길 21
1037,상화울가든,경기 하남시 초일로174번길 27
1038,하남 임가네 부대찌개,경기 하남시 하남대로801번길 36
1039,형노가(5호점),경기 하남시 미사강변중앙로 190 1층 136호~140호
1040,토속 밀냉면.칼국수,경기 하남시 대성로299번길 39
1041,재호순대국&부대찌개,경기 하남시 하남대로 536
1042,아리수숯불갈비,경기 하남시 대청로22번길 9-17 형림빌딩
1043,미사리 풀하우스,경기 하남시 미사동로40번길 274
1044,오천량주막,경기 하남시 하남대로777번길 49
1045,강가네 옛날통닭,경기 하남시 수리북로 5-4
1046,권현숙의 미사리 팔당냉면 중화요리,경기 하남시 서하남로 364
1047,그랜드캐넌,경북 경주시 보문로 544 경주월드/서라벌청소년수련관
1048,달마당쭈꾸미,경기 하남시 덕풍천서로 87
1049,추억커피호프,경기 하남시 신장로 176
1050,여주왕탕집,경기 하남시 신평로67번길 7
1051,곤드레사랑,경기 하남시 서하남로 450-15
1052,쌍바위가든,경기 하남시 학암로9번길 51
1053,굴뚝 가마솥 한정식,경기 하남시 미사동로40번길 20-15 굴뚝가마솥한정식 1층
1054,청솔돌오리구이,경기 하남시 미사동로 70 1층
1055,푸챠오,경기 남양주시 강변북로 678
1056,만돈만리,경기 하남시 검단산로 244 만돈만리
1057,이화수 전통육개장 창우점,경기 하남시 창우로 72
1058,돔(DOME)676,경기 하남시 미사대로 676
1059,행복가 포차,경기 하남시 신장1로3번길 20
1060,천년비법 옻닭,경기 하남시 검단산로 8
1061,시어머니 청국장,경기 하남시 이성로41번길 217
1062,지구에서 온 아구해,경기 하남시 서하남로390번길 5
1063,온누리누룽지백숙 하남점,경기 남양주시 와부읍 경강로 896-2
1064,복예가든,경기 하남시 동남로424번길 39
1065,위풍닭닭,경기 하남시 신장로 96
1066,새벽 숯불 가든 하남점,경기 하남시 광암로148번길 5 1층
1067,더우개곱창덕풍점,경기 하남시 수리북로 7-1
1068,미사리바다 해장국,경기 하남시 미사동로 40 미사동로40
1069,대사골식당,경기 하남시 천호대로1358번길 134-46
1070,옛마당대구뽈찜,경기 하남시 천현로 21 옛마당아구찜대구뽈찜
1071,이영숙동해동태찜,경기 하남시 하남대로787번길 66 1층
1072,철탑집,경기 하남시 초이로 5
1073,훈설렁탕,경기 하남시 신장로 208-3
1074,디딤돌 숨두부집,경기 하남시 미사대로 616
1075,한가득 육개장,경기 하남시 수리북로 32
1076,회 뜨는 풍경,경기 하남시 신평로55번길 28 회뜨는풍경
1077,커맥하우스,서울 관악구 조원로 4
1078,고골산장,경기 하남시 고골로 405 고골산장
1079,풍전호프,경기 하남시 대성로319번길 8-1
1080,강동복집,경기 하남시 조정대로 150
1081,장다리 한우마당,경기 하남시 아랫배알미길 70 장다리 한우마당
1082,이정수치킨전문점,경기 하남시 신장로 167
1083,소문난손칼국수집,경북 칠곡군 동명면 구덕길 12
1084,피맥 플레이스,경기 하남시 아랫배알미길 42 피맥플레이스
1085,구림장어,경기 하남시 미사대로 1260
